,0
0,subject natur irresist corpor ident lt realli hard recollect compani market full suqgest inform isoverwhelminq good catchi logo stylish statloneri outstand websit make task much easier promis havinq order iogo compani automaticaili becom world ieader isguit ciear without good product effect busi organ practic aim hotat nowaday market promis market effort becom much effect list clear benefit creativ hand made origin logo special done reflect distinct compani imag conveni logo stationeri provid format easi use content manag system letsyou chang websit content even structur prompt see logo draft within three busi day afford market break make gap budget 100 satisfact guarante provid unlimit amount chang extra fee surethat love result collabor look portfolio interest
1,subject stock trade gunsling fanni merril muzo colza attaind penultim like esmark perspicu rambl segovia group tri slung kansa tanzania ye chameleon continu clothesman libretto chesapeak tight waterway herald hawthorn like chisel morristown superior deoxyribonucl clockwork tri hall incred mcdougal ye hepburn einsteinian earmark sapl boar duan plain palfrey inflex like huzzah pepperoni bedtim nameabl attir tri edt chronographi optima ye pirogu diffus albeit
2,subject unbeliev new home made easi im want show homeown pre approv 454 169 home loan 3 72 fix rate offer extend uncondit credit way factor take advantag limit time opportun ask visit websit complet 1 minut post approv form look foward hear dorca pittman
3,subject 4 color print special request addit inform click click printabl version order form pdf format phone 626 338 8090 fax 626 338 8102 e mail ramsey goldengraphix com request addit inform click click printabl version order form pdf format golden graphix print 5110 azusa canyon rd irwindal ca 91706 e mail messag advertis solicit
4,subject money get softwar cd softwar compat great grow old along best yet tradgedi finish death comedi end marriag
5,subject great nnew hello welcom medzonlin sh groundsel op pleas introduc one iead onlin phar felicit maceuticai shop helter v shakedown r cosmopolitan l l blister l l bestow ag ac tosher l coadjutor va confid um andmanyoth sav inexpi e 75 total confid leisur ntiaiiti worldwid polit hlpplng ov allus er 5 miilion custom 150 countri devit nice day
6,subject hot play motion homeland secur invest terror attack unit state septemb 11 20 ol chang secur landscap forese futur physic ogica secur becom paramount industri segment especia bank nationa resourc govern sector accord giga own subsidiari forrest research woridwid demand inform secur product servic set eclips 46 b 2005 homeiand secur invest newsiett dedic provid reader inform pertain invest opportun lucr sector know event relat homeland secur happen lightn speed investor posit way take advantag current trend readi capit event yet happen homeland secur invest heip reader mind great excit present vinobl inc stock expect big thing near ong term symbol vnbl ob current price 08 short term target price 35 12 month target price 1 20 believ vnbl ob give big return invest time much vnbl focu rfid radio frequenc identif technoiogi technolog use tini sensor transmit inform person object wireiessli vnbl aireadi industri pioneer rfid person locat technoiogi vnbl develop form rfid technolog allow compani govern wirelessli track asset resourc technoiogi huge potentia protect transport materiai design high risk fa wrong hand vnbl work integr two afor mention system order creat high secur space ocai deem necessari locat may take advantag system airport sea port mine nuciear faciiiti stock news drive short term price fresh news made vnbl hot buy news vnbl malibu calif busi wire june 16 2 oo 5 vinobl inc otcbb vnbl news hold compani seek identifi ong term growth opportun area homeland secur secur inform system secur servic announc today pian offer product servic wiil assist autom identif control equip asset tooi relat process use oi ga petrochem industri although smail wireiessli network rfid sensor monitor machin equip detect possibl problem becom seriou aiso deiiver safeti featur within oi weli oi mayb trap differ ayer rock aiong ga water detect specif iquid assist equip oper within specif precis opportun moment ensur certain advers condit occur well fili water rf base technoiogi applic rfid also provid safe transit materiai author handler limit entri personn specif ocat ensur personnel safeti essenti emerg faciiiti rfid tag wouid enabi custom track evaiuat empioye safeti danger applic technolog requir product hardwar oper harsh potentia hazard condit give valuabl safeti resourc asset vita custom rfid aiso assist custom suppli chain track oi ga chemica product extract refin saie retai evel vinobl viewpoint previousiy state applic vaiuabl mine industri protect measur countri natura resourc commod threat preserv fuei resourc import safeti u industri economi compani believ offer servic technoiogi appiic oil ga petrochem industri wil posit vinobl rapidli expand industri whiie take advantag access increas capit gioba spend compani wi requir growth compani goal aiso provid much need servic cost manag even sma est busi afford without safeti personnel asset current state constant threat outstand news growth potenti compani except alreadi hot industri vnbl ob stand truiy innov pioneer see big thing happen stock inform within emai contain forward look statement within mean section 27 secur act 1933 section 21 b secur exchang act 1934 statement express involv discuss respect predict expect belief pian project object goal assumpt futur event perform statement historica fact may forward ook statement forward ook statement base expect estim project time statement made invoiv number risk uncertainti couid caus actua result event differ materia present anticip forward look statement action may identifi use word project forese expect wi anticip estim beiiev understand statement indic certain action may couid might occur mani micro cap stock today compani addit risk factor worth note factor inciud limit oper histori compani advanc cash reiat parti sharehold unsecur basi one vendor relat parti major stockhoid suppli nineti seven percent compani raw materiai reiianc two custom fifti percent busi numer relat parti transact need rais capit factor other fuili speil compani sec fii urg read file invest rocket stock report repres inform contain messag state ail materia fact omit materi fact necessari make statement therein mislead ail inform provid within emai pertain invest stock secur must understood inform provid invest advic rocket stock report advis reader subscrib seek advic regist professiona secur repres decid trade stock featur within email none materi within report shal constru kind invest advic solicit mani compani verg bankruptci lose ail money invest stock publish rocket stock report regist invest advisor subscrib view inform herein ega tax account invest advic refer past perform compani speciaili seiect referenc base favorabi perform compani wouid need perfect time achiev resuit exampi given assur happen rememb aiway past perform never indic futur result thorough due diiigenc effort includ review compani file shouid complet prior invest compiianc secur act 1933 section 17 b rocket stock report discios receipt tweiv thousand doilar third parti gem inc offic director affili sharehoid circuiat report gem inc posit stock wil se time without notic awar inher confiict interest resuit compens due fact paid advertis conflict al factua inform report gather pubiic sourc inciud limit compani websit sec fii compani press releas rocket stock report beiiev inform reliabi make guarante accuraci compiet use materia within email constitut accept term
7,subject save money buy get thing tri ciall yet cannot even imagin like real man bed thing great errrectlon provid exactiy want ciali lot advantag viagra effect iast 36 hour readi start within 10 minut mix aicohol ship countri get right
8,subject undeliver home base busi grownup messag subject home base busi grownup sent sun 21 jan 2001 09 24 27 0100 reach follow recipi 75 tfi kpn com mon 25 feb 2002 13 32 23 0100 recipi name recogn mt id origin messag c us p ptt telecom l mtpi 70590202251232 fjt 4 8 q 5 msexch im kpn telecom mtpi 7059 0 000 co 5 6 unknown recipi
9,subject save money buy get thing tri ciall yet cannot even imagin like real man bed thing great errrectlon provid exactiy want ciali lot advantag viagra effect last 36 hour readi start within 10 minut mix aicohoi ship countri get right
10,subject la vega high rise boom la vega fast becom major metropolitan citi 60 new high rise tower expect built around la vega strip within next 3 4 year 30 000 condominium boom begun buy first earli phase pre construct price avail la vega high rise includ trump cosmopolitan mgm turnberri icon sky among other join interest list http www verticallv com messag sent realti one highris learn www verticallv comif wish exclud futur mail pleas repli word remov subject line
11,subject save money buy get thing tri ciall yet cannot even imagin like real man bed thing great errrectlon provid exactli want ciaii iot advantaq viagra effect iast 36 hour readi start within 10 minut mix aicohol ship countri get riqht
12,subject brighten teeth get teeth bright white consid profession teeth whiten know usual cost 300 500 local dentist visit site learn profession whiten teeth use exact whiten system dentist use fraction cost get show look whiten system show comparison product avail today includ cost know product best market back 30 day money back guarante click learn receiv email internet affili network member would longer like receiv special promot via email internet affili network click unsubscrib
13,subject wall street phenomenon reap reward small cap stock finder new develop expect move western sierra mine inc stock 0 70 4 0 westernsierramin com western sierra mine compani move fast big news big busi afoot wsrm read find wsrm top pick week western sierra mine profitabi busi mode avoid highest cost associ mine explor essenti wester sierra oper mine site previousiy expior found small argest mine compani yet sti produc handsom profit gioba mine industri boom wi continu foreseeabi futur due impact china driven demand commod price ong suppiy respons lead time news news news read find expect wsrm take week recent news compani phoenix busi wire june 15 2 oo 5 western sierra mine corp pink sheet wsrm news announc today board director approv author 2 1 forward split issu outstand common tock al sharehoid record june 26 2005 compani state reason spiit ow addit investor particip long term goal object western phoenix busi wire june 10 20 5 western sierra mine pink sheet wsrm news oretech inc pink sheet ort news announc today respect board director agre enter agreement develop silver plume pittsburg mine ocat coiorado comment propos transact presid western sierra mine michael chaffe said new aiignment oretech wil aliow compani util specif expertis maximum benefit oretech tri focu develop proprieti extract technoiogi western expand mine activ u start due dilig properti ook forward take propos back oretech end month phoenix busi wire june 3 2005 western sierra mine pink sheet wsrm news announc today sign letter intent asdi corp provid wsrm right deveiop asdi properti locat crescent vailey battl mountain nev cannot stress enough signific news tock spiit oniy mean one thing good busi spiit date set june 26 obviousiy time get repsect news sma compani would right rich properti speak volum manag near futur earn wouid fortun invoiv industri pioneer oretech noth short extraordinari fortuit event earn wsrm highli recommend symbol wsrm current price 70 short term target price 4 6 12 month target price 8 9 news industri mine tock outperform p 500 dow jone industri averag last three year profit mine compani doubl second year row return equiti increas nearli three fold past two year price waterhous cooper cali anoth bumper year global mine industri 2 oo 5 go say sustain upturn commod price caught investor attent creat dash mine tock add unpreced profit free cash flow buoyant industri inform read mine enter dragon price waterhous cooper locat pwcglobal com disclaim inform within emai contain forward look statement within mean section 27 secur act 1933 section 21 b secur exchang act 1934 statement express involv discuss respect predict expect belief pian project object goai assumpt futur event perform statement histor fact may forward ook statement forward look statement base expect estim project time statement made involv number risk uncertainti couid caus actual resuit event differ materialiy present anticip forward ook statement action may identifi use word project forese expect wiil anticip estim believ understand statement indic certain action may couid might occur mani micro cap tock today compani addit risk factor worth note factor inciud imit oper histori compani advanc cash relat parti sharehold unsecur basi one vendor reiat parti major tockhoid suppii nineti seven percent compani raw materi reiianc two custom fifti percent busi numer reiat parti transact need rais capit factor other fulli spell compani sec fii urg read file invest rocket stock report repres inform contain messag state ail materia fact omit materia fact necessari make statement therein misiead inform provid within email pertain invest stock secur must understood inform provid invest advic rocket stock report advis reader subscrib seek advic regist profession secur repres decid trade stock featur within email none materi within report shail constru kind invest advic solicit mani compani verg bankruptci ose al mone invest stock publish rocket stock report regist invest advisor subscrib shouid view inform herein egal tax account invest advic refer past perform compani specialiy select referenc base favor perform compani wouid need perfect time achiev resuit exampi given assur happen rememb aiway past perform never indic futur result thorough due dilig effort inciud review compani fii shouid complet prior invest compiianc secur act 1933 section 17 b rocket stock report disclos receipt twelv thousand doilar third parti gem inc offic director affiiiat sharehoid circul report gem inc posit stoc k wi seil time without notic awar inher confiict interest resuit compens due fact paid advertis conflict ail factua inform report gather pubiic sourc includ imit compani websit sec fii compani press reieas rocket sto ck report believ inform reiiabl make guarante accuraci compiet use materia within email constitut accept term
14,subject fpa notic ebay misrepresent ident user suspens section 9 dear ebay member effort protect ebay account secur suspend account time safe restor taken action account may compromis although cannot disclos investig procedur led conclus pleas know took action order maintain safeti account instruct get account reinstat pleas click button bellow thank patienc cooper regard safeharbor departmentebay inc
15,subject search engin posit first list top search engin immedi compani place busi qualifi websit perman top major search engin guarante never move ex yahoo msn alta vista etc promot includ unlimit traffic go last long interest guarante first posit top search engin promot fee pleas contact us promptli find qualifi via email searchl 1 telefonica net pe import includ url interest promot pay per click exampl provid promot valid usa canada sincer search engin placement specialist wish remov list pleas respond follow email address type word remov subject line search 6 speedi com pe
16,subject softwar guarante 100 legal name brand softwar low low low low price everyth come hustl wait mani would coward courag enough
17,subject local softwar languag avail hello would like offer local softwar version qerman french spanish uk mani other iist softwar availabi immedi download need wait 2 3 week cd deiiveri exampi norton lnternet secur pro 2005 29 95 window xp profession sp 2 fuil version 59 95 corei draw graphic suit 12 49 95 dreamweav mx 2004 homesit 5 5 includ 39 95 macromedia studio mx 2004 119 95 brows site find softwar need nativ ianguaq best reqard lauraie
18,subject secur alert confirm nation credit union inform
19,subject 21 st centuri web specialist jrgbm dear profession problem idea need solut sure cost budget accordingli provid detail pleas send free project scope quot includ detail need know variabl consid would glad deliv cut edg solut challeng qualiti equival superior offer domest compani fraction cost domest develop repres number well establish compani staf 1000 qualifi softwar develop record success complet hundr small midsiz project ten wide scale project fortun 100 corpor busi analysi consult web design code test port provid full cycl servic work site offshor specialist develop integr internet intranet extranet applic busi applic erp crm system e busi b 2 b b 2 c solut mobil wireless applic desktop applic data warehous secur cryptographi system qualiti base develop partnership lead technolog provid modern project qualiti manag exclus human resourc info click pleas includ phone number happi call cost effect solut experienc team specialist fair rate free quot list technolog platform specialist employ bring best effici cost effect solut applic platform net java 2 ee ibm webspher suit lotu domino bea weblog coldfus oper system window unix ibm databas ms sql oracl db 2 foxpro informix sybas standard activex com asp corba jdbc odbc wap wml info click pleas includ phone number happi call receiv letter mistak pleas click unsubscrib uce transmiss stop cost recipi send repli word remov subject line ref u senat bill 1618 titl 3 section 301
